Id,SpatialDimType,SpatialDim,ParentLocationCode,ParentLocation,YEAR,Value,NumericValue,Low,High
1329686,COUNTRY,GNB,AFR,Africa,2016,137 448 [54 582-283 768],137448.0,54581.725,283768.475
2574303,COUNTRY,NIC,AMR,Americas,2016,7943 [6601-9360.025],7943.0,6601.0,9360.025
9573905,COUNTRY,KOR,WPR,Western Pacific,2016,602 [602-602],602.0,602.0,602.0
6322960,COUNTRY,MMR,SEAR,South-East Asia,2016,162 032 [130 968-195 181],162032.0,130967.875,195180.75
3646820,COUNTRY,BLZ,AMR,Americas,2016,4 [4-4],4.0,4.0,4.0
2409641,COUNTRY,LKA,SEAR,South-East Asia,2016,0 [0-0],0.0,0.0,0.0
1571293,COUNTRY,SOM,EMR,Eastern Mediterranean,2016,829 311 [469 310-1 354 982],829311.0,469309.925,1354981.5
4147472,COUNTRY,OMN,EMR,Eastern Mediterranean,2016,0 [0-0],0.0,0.0,0.0
5942358,REGION,EUR,,,2016,0 [0-0],0.0,0.0,0.0
1971595,COUNTRY,PAN,AMR,Americas,2016,809 [779-862],809.0,779.0,862.0
6183495,COUNTRY,CIV,AFR,Africa,2016,6 339 993 [4 004 356-9 512 246],6339993.0,4004355.8,9512246.0
110980,COUNTRY,TGO,AFR,Africa,2016,2 509 814 [2 025 552-3 078 306],2509814.0,2025551.5,3078305.55
7249805,COUNTRY,MEX,AMR,Americas,2016,551 [551-551],551.0,551.0,551.0
4065229,COUNTRY,BRA,AMR,Americas,2016,132 022 [126 751-140 815],132022.0,126750.975,140815.05
9144160,COUNTRY,BTN,SEAR,South-East Asia,2016,15 [15-15],15.0,15.0,15.0
4020720,COUNTRY,SLV,AMR,Americas,2016,12 [12-12],12.0,12.0,12.0
3615567,COUNTRY,ARE,EMR,Eastern Mediterranean,2016,0 [0-0],0.0,0.0,0.0
8769986,COUNTRY,UGA,AFR,Africa,2016,10 971 083 [7 796 404-14 469 720],10971082.55,7796403.857,14469720.28
339965,COUNTRY,AGO,AFR,Africa,2016,5 603 401 [4 298 994-7 138 990],5603401.0,4298994.425,7138989.55
1406769,COUNTRY,BEN,AFR,Africa,2016,4 911 511 [3 936 087-6 066 622],4911511.0,3936086.9,6066621.55
6431370,COUNTRY,LBR,AFR,Africa,2016,1 760 764 [1 423 353-2 168 164],1760764.0,1423353.425,2168163.75
9283550,COUNTRY,VUT,WPR,Western Pacific,2016,4643 [3302-6657.05],4643.0,3302.0,6657.05
790938,COUNTRY,SLB,WPR,Western Pacific,2016,84 179 [71 729-100 975],84179.0,71728.95,100975.25
822863,COUNTRY,GAB,AFR,Africa,2016,476 346 [249 502-825 423],476346.0,249501.9,825423.175
6272945,COUNTRY,PER,AMR,Americas,2016,72 836 [59 770-87 049],72836.0,59769.95,87049.175
3457358,COUNTRY,NGA,AFR,Africa,2016,55 667 334 [44 055 112-69 134 313],55667334.0,44055111.55,69134313.23
5702260,COUNTRY,ARG,AMR,Americas,2016,0 [0-0],0.0,0.0,0.0
3888337,COUNTRY,UZB,EUR,Europe,2016,0 [0-0],0.0,0.0,0.0
1394376,COUNTRY,RWA,AFR,Africa,2016,4 887 836 [3 609 053-6 239 141],4887836.0,3609053.425,6239141.175
3070404,COUNTRY,DOM,AMR,Americas,2016,836 [724-961],836.0,724.0,961.0
9993104,COUNTRY,TJK,EUR,Europe,2016,0 [0-0],0.0,0.0,0.0
4929295,COUNTRY,MAR,EMR,Eastern Mediterranean,2016,0 [0-0],0.0,0.0,0.0
2169559,COUNTRY,IRQ,EMR,Eastern Mediterranean,2016,5 [5-5],5.0,5.0,5.0
1020122,COUNTRY,HND,AMR,Americas,2016,5602 [4341-6899],5602.0,4341.0,6899.0
9062429,REGION,EMR,,,2016,5 368 212 [4 218 319-6 958 577],5368211.82466584,4218319.329,6958576.509
5316683,COUNTRY,ECU,AMR,Americas,2016,1191 [1191-1191],1191.0,1191.0,1191.0
8853089,COUNTRY,TLS,SEAR,South-East Asia,2016,112 [94-131],112.0,94.0,131.0
944069,COUNTRY,CRI,AMR,Americas,2016,4 [4-4],4.0,4.0,4.0
9189448,COUNTRY,COM,AFR,Africa,2016,1467 [1467-1467],1467.0,1467.0,1467.0
9645225,COUNTRY,GIN,AFR,Africa,2016,4 297 908 [3 073 488-5 821 960],4297908.0,3073488.375,5821959.775
5918806,COUNTRY,PNG,WPR,Western Pacific,2016,1 208 966 [814 988-1 665 637],1208966.0,814987.975,1665637.325
9043466,COUNTRY,BDI,AFR,Africa,2016,2 604 526 [1 913 708-3 453 558],2604526.0,1913708.475,3453558.2
8005408,REGION,AMR,,,2016,688 485 [637 250-747 707],688485.0,637249.725,747706.625
7048097,COUNTRY,THA,SEAR,South-East Asia,2016,12 076 [12 076-12 076],12076.0,12076.0,12076.0
4650672,COUNTRY,NPL,SEAR,South-East Asia,2016,507 [507-507],507.0,507.0,507.0
461984,COUNTRY,ERI,AFR,Africa,2016,86 561 [46 336-137 645],86561.0,46335.575,137645.175
7181584,REGION,SEAR,,,2016,9 713 596 [7 984 479-12 600 857],9713596.0,7984478.725,12600856.95
9924309,COUNTRY,PRK,SEAR,South-East Asia,2016,5033 [5033-5033],5033.0,5033.0,5033.0
2106621,COUNTRY,CMR,AFR,Africa,2016,6 345 591 [4 553 179-8 610 959],6345591.0,4553179.3,8610958.675
1948040,COUNTRY,TKM,EUR,Europe,2016,0 [0-0],0.0,0.0,0.0
4657369,COUNTRY,KAZ,EUR,Europe,2016,0 [0-0],0.0,0.0,0.0
5766995,COUNTRY,COL,AMR,Americas,2016,115 550 [87 790-144 365],115550.0,87789.975,144364.8
7936699,COUNTRY,SAU,EMR,Eastern Mediterranean,2016,272 [272-272],272.0,272.0,272.0
8310586,REGION,WPR,,,2016,1 471 125 [1 074 228-1 928 075],1471125.0,1074228.0,1928075.2
6040069,COUNTRY,CAF,AFR,Africa,2016,1 581 031 [988 455-2 376 649],1581031.0,988454.525,2376649.25
3509781,COUNTRY,PRY,AMR,Americas,2016,0 [0-0],0.0,0.0,0.0
3649463,COUNTRY,KGZ,EUR,Europe,2016,0 [0-0],0.0,0.0,0.0
5545869,COUNTRY,TZA,AFR,Africa,2016,7 207 512 [5 280 278-9 643 964],7207512.0,5280278.175,9643963.925
4416760,COUNTRY,KEN,AFR,Africa,2016,3 119 227 [2 199 980-4 294 534],3119227.0,2199980.025,4294533.875
5508023,COUNTRY,KHM,WPR,Western Pacific,2016,124 137 [107 191-145 399],124137.0,107190.6,145398.775
755026,COUNTRY,MDG,AFR,Africa,2016,1 654 009 [1 172 413-2 256 171],1654009.0,1172412.8,2256170.675
2247462,COUNTRY,SWZ,AFR,Africa,2016,250 [250-250],250.0,250.0,250.0
1326967,COUNTRY,SLE,AFR,Africa,2016,2 754 072 [2 231 069-3 371 663],2754072.0,2231068.55,3371663.375
7043390,COUNTRY,TCD,AFR,Africa,2016,3 182 555 [1 930 723-4 951 266],3182555.0,1930722.75,4951265.8
8969781,COUNTRY,STP,AFR,Africa,2016,2238 [2238-2238],2238.0,2238.0,2238.0
4226878,COUNTRY,DZA,AFR,Africa,2016,0 [0-0],0.0,0.0,0.0
139650,COUNTRY,CHN,WPR,Western Pacific,2016,1 [1-1],1.0,1.0,1.0
8178536,COUNTRY,BOL,AMR,Americas,2016,7510 [5862-9215.05],7510.0,5862.0,9215.05
1073301,COUNTRY,VEN,AMR,Americas,2016,281 817 [251 205-323 880],281817.0,251204.95,323880.2
1613298,COUNTRY,BFA,AFR,Africa,2016,7 215 226 [5 351 157-9 555 164],7215226.0,5351157.475,9555163.6
8710263,COUNTRY,ETH,AFR,Africa,2016,6 801 954 [2 821 082-12 418 167],6801954.0,2821082.45,12418166.78
3098499,COUNTRY,AZE,EUR,Europe,2016,0 [0-0],0.0,0.0,0.0
7101117,COUNTRY,SEN,AFR,Africa,2016,684 129 [467 427-922 926],684129.0,467426.525,922926.1
7418298,COUNTRY,BWA,AFR,Africa,2016,986 [762-1426.025],986.0,762.0,1426.025
33239,COUNTRY,DJI,EMR,Eastern Mediterranean,2016,13 822 [13 822-13 822],13822.0,13822.0,13822.0
313574,COUNTRY,GMB,AFR,Africa,2016,297 058 [225 091-376 285],297058.0,225091.3,376284.825
401835,COUNTRY,IRN,EMR,Eastern Mediterranean,2016,81 [81-81],81.0,81.0,81.0
1544874,COUNTRY,GUY,AMR,Americas,2016,19 317 [14 548-26 553],19317.0,14547.975,26553.1
1596247,COUNTRY,AFG,EMR,Eastern Mediterranean,2016,733 205 [532 295-984 622],733205.0,532295.15,984622.425
1869319,COUNTRY,BGD,SEAR,South-East Asia,2016,31 621 [28 694-34 991],31621.0,28693.95,34991.025
1982986,COUNTRY,NER,AFR,Africa,2016,8 053 568 [5 142 106-12 122 877],8053568.0,5142105.75,12122876.88
2002105,COUNTRY,GTM,AMR,Americas,2016,5856 [5222.975-6750],5856.0,5222.975,6750.0
2890969,COUNTRY,ZWE,AFR,Africa,2016,760 626 [499 903-1 052 993],760626.0,499903.0,1052993.4
3461170,COUNTRY,ZMB,AFR,Africa,2016,3 450 279 [2 659 380-4 385 991],3450279.0,2659380.275,4385990.725
3556321,COUNTRY,VNM,WPR,Western Pacific,2016,4161 [4161-4161],4161.0,4161.0,4161.0
4076211,COUNTRY,TUR,EUR,Europe,2016,0 [0-0],0.0,0.0,0.0
4406036,COUNTRY,GUF,AMR,Americas,2016,268 [238-307],268.0,238.0,307.0
4419793,COUNTRY,EGY,EMR,Eastern Mediterranean,2016,0 [0-0],0.0,0.0,0.0
4934042,COUNTRY,MWI,AFR,Africa,2016,3 947 381 [2 982 009-5 085 257],3947381.0,2982009.25,5085257.15
5034592,COUNTRY,GHA,AFR,Africa,2016,7 024 160 [5 437 321-8 941 411],7024160.0,5437320.675,8941411.05
5162241,COUNTRY,LAO,WPR,Western Pacific,2016,26 862 [19 488-35 311],26862.0,19487.95,35310.55
5428297,COUNTRY,PAK,EMR,Eastern Mediterranean,2016,1 017 237 [658 014-1 709 331],1017237.0,658014.475,1709330.55
6112072,COUNTRY,SUR,AMR,Americas,2016,78 [78-78],78.0,78.0,78.0
6283515,COUNTRY,GEO,EUR,Europe,2016,0 [0-0],0.0,0.0,0.0
6372647,COUNTRY,CPV,AFR,Africa,2016,49 [49-49],49.0,49.0,49.0
6455421,COUNTRY,MYS,WPR,Western Pacific,2016,266 [266-266],266.0,266.0,266.0
6524253,COUNTRY,HTI,AMR,Americas,2016,36 279 [24 120-48 883],36279.0,24119.95,48883.025
6600927,COUNTRY,PHL,WPR,Western Pacific,2016,17 308 [12 337-22 990],17308.0,12336.95,22990.0
7070207,COUNTRY,MOZ,AFR,Africa,2016,9 418 858 [7 626 072-11 501 252],9418858.0,7626072.3,11501251.63
7356145,GLOBAL,GLOBAL,,,2016,228 980 867 [212 475 518-248 015 476],228980867.005873,212475517.660928,248015476.459777
7413887,COUNTRY,YEM,EMR,Eastern Mediterranean,2016,677 058 [463 184-993 310],677058.0,463184.425,993310.0
7495654,COUNTRY,SSD,AFR,Africa,2016,2 869 128 [2 043 034-3 904 692],2869128.0,2043033.8,3904692.275
7552744,COUNTRY,MRT,AFR,Africa,2016,386 314 [165 944-728 551],386314.0,165944.4,728550.55
7907555,COUNTRY,MLI,AFR,Africa,2016,7 184 989 [5 063 114-10 199 461],7184988.629,5063113.971,10199461.31
8445930,REGION,AFR,,,2016,211 739 449 [195 165 299-230 708 648],211739449.181207,195165299.127672,230708648.468739
8622669,COUNTRY,IND,SEAR,South-East Asia,2016,8 414 851 [6 667 534-11 285 985],8414851.0,6667534.2,11285985.45
8800304,COUNTRY,ARM,EUR,Europe,2016,0 [0-0],0.0,0.0,0.0
8900617,COUNTRY,COD,AFR,Africa,2016,25 906 528 [19 560 040-33 652 286],25906528.0,19560040.1,33652285.5
8953076,COUNTRY,GNQ,AFR,Africa,2016,476 946 [301 112-729 418],476946.0,301112.175,729418.175
8996238,COUNTRY,IDN,SEAR,South-East Asia,2016,1 087 349 [980 518-1 210 607],1087349.0,980517.725,1210607.075
9060518,COUNTRY,ZAF,AFR,Africa,2016,4323 [4323-4323],4323.0,4323.0,4323.0
9439241,COUNTRY,SDN,EMR,Eastern Mediterranean,2016,2 097 221 [1 185 284-3 461 936],2097220.82466584,1185283.758,3461935.544
9655037,COUNTRY,SYR,EMR,Eastern Mediterranean,2016,0 [0-0],0.0,0.0,0.0
9775784,COUNTRY,NAM,AFR,Africa,2016,32 052 [25 439-39 245],32052.0,25439.0,39245.35
9852267,COUNTRY,COG,AFR,Africa,2016,1 122 384 [724 357-1 659 444],1122384.0,724357.05,1659444.175
